url,status
https://help.autodesk.com/view/RVT/2024/ENU/?guid=GUID-EF3E9E21-7C9F-4B31-9087-A5307A20C7DC,200
https://help.autodesk.com/view/RVT/2024/ENU/?guid=GUID-DCA3C942-1284-4FC9-BC06-144DE88C2EFA,200
https://help.autodesk.com/view/RVT/2024/ENU/?guid=GUID-EDD3FFB6-28D2-40D6-A8F0-D5E6C2807302,200
https://help.autodesk.com/view/RVT/2024/ENU/?guid=GUID-3197A4ED-323F-4D32-91C0-BA79E794B806,200
https://help.autodesk.com/view/RVT/2024/ENU/?guid=GUID-817640B2-B537-40CD-9B51-FF2E5A9D7BA0,200
https://help.autodesk.com/view/RVT/2024/ENU/?guid=GUID-E7EB9EDD-4167-4F64-9688-D7E7B7934806,200
https://help.autodesk.com/view/RVT/2024/ENU/?guid=GUID-7A67B490-0000-4BCE-8D11-C0E237EBEDD6,200
https://help.autodesk.com/view/RVT/2024/ENU/?guid=GUID-27E9FE5D-6B1D-407C-9DBA-36D61F301DAF,200
https://help.autodesk.com/view/RVT/2024/ENU/?guid=GUID-E325CDE7-5468-43C8-BEAD-EC5AF13231F0,200
https://help.autodesk.com/view/RVT/2024/ENU/?guid=GUID-03565843-BB48-4707-B54C-39D6E8E51880,200
